review,username
"Exco PSSI, Arya Sinulingga membantah kabar Piala Dunia U-20 2023 akan diselenggarakan di Peru.  Dirinya mengatakan belum ada surat resmi dari FIFA mengenai pembatalam drawing Pildun U-20 2023 , apalagi pengurungan niat menggelar ajang tersebut di Indonesia #MostUpdate1058 https://t.co/GPhtPMuQSg",most1058
"@Paltiwest Lebih baik dipindah Piala Dunia U 20 dari pada menimbulkan keributan di Negeri ini,walau sanksi FIFA tdk mengikutkan PSSI ke ajang Internasional pasa berikutnya,kita harus siap",MangasiPanggab2
"FIFA membatalkan drawing pembagian grup Piala Dunia U-20 yang seharusnya digelar di Bali pada (31/3) buntut sejumlah penolakan atas tim nasional Israel. Lebih lanjut, wartawan senior olahraga Indonesia Yesayas Oktavianus menyebut FIFA sudah membatalkan ... https://t.co/Q38rSGOwVB",detiksport
@Dennysiregar7 Berarti tidak percaya komitmen TNI-Polri dalam menjaga keamanan dan ketertiban Piala Dunia U-20 di Indonesia  ?,DaltonSembirin1
"Caper, Baper, Tantrum dimana-mana, dan Cari Gara-gara.... &gt &gt &gt  Wali Kota Bengkulu Tolak Israel Bermain di Piala Dunia U-20 https://t.co/AWkdIT06N0 via @KompasTV @kompascom",5kiOnD1splay
"@Ekagud1 @SakitPe14248653 @Adi_8002 Yg standar ganda itu FIFA, aturan nya bisa melakukan pencoret Rusia ikut serta piala dunia di Qatar, tetapi kenapa pada zionis Israel FIFA tidak mencoret zionis Israel ikut piala dunia u-20... Yg mana sampai sekarang ini zionis Israel masih menginvasi palestina..",nepriadi74
I Wayan Sukadana berharap Presiden Jokowi turun gunung" agar masalah Piala Dunia U-20 2023 terselesaikan.  #U20WorldCupEMTEK #U20WorldCupKLY #U20WorldCupBolacom  https://t.co/PAIYC2jbTT",bolacomID
"Reaksi Shin Tae-yong, Drawing Piala Dunia U-20 Batal dan Nasib Timnas Indonesia U-20  https://t.co/Q8ERiG0AiK tidak perlu gelisah Pak, itulah negeri ku",33fd17e2faec422
"Gus Wagub : Saya sepakat, bahwa penyelenggaraan (Piala Dunia U-20) ini tetap bisa berjalan tanpa kita mengorbankan komitmen mewujudkan kemerdekaan Palestina. #GusYasin #PanglimaSGN #SantriGayengNusantara #TajYasin #WagubJateng @TajYasinMZ https://t.co/DYLR9tOWOF",SgnBanjarnegara
"Meski Drawing Batal, FIFA Tetap Lanjutkan Verifikasi Stadion Piala Dunia U-20 2023 di Indonesia https://t.co/dakLhXntlc",Bolanet
"Ia sepakat dan mendukung penuh Gubernur Jateng, Ganjar Pranowo yang meminta panitia bersama pihak terkait agar mengupayakan langkah terobosan piala dunia U-20 tanpa kehadiran timnas Israel di Indonesia. #GusYasin #PanglimaSGN #SantriGayengNusantara #TajYasin #WagubJateng",SgnBanjarnegara
"Wakil Gubernur Jawa Tengah, mendukung penuh sikap Gubernur Jawa Tengah Ganjar Pranowo menolak kehadiran Timnas Israel dalam Piala Dunia U-20 yang akan di gelar di Indonesia. #GusYasin #PanglimaSGN #SantriGayengNusantara #TajYasin #WagubJateng @TajYasinMZ",SgnBanjarnegara
"Dukung Ganjar, Gus Yasin Juga Ingin Piala Dunia  U-20 Tanpa Israel  #GusYasin #PanglimaSGN #SantriGayengNusantara #TajYasin #WagubJateng @TajYasinMZ https://t.co/DoCAslOyJC",SgnBanjarnegara
"Shin Tae-yong Gelisah soal Nasib Piala Dunia U-20 2023, Merasa Sia-sia jika Batal https://t.co/353wEGL1nH",KompasTV
"Pelatih timnas Indonesia Shin Tae-yong ikut was-was mendengar kabar tuan rumah Piala Dunia U-20 dipindahkan dari Indonesia. Acara drawing yang dibatalkan FIFA, menambah kekhawatiran pelatih asal Korea Selatan tersebut. Apalagi muncul kabar Peru sudah… https://t.co/mvygTDIvwA",inilahdotcom
@Dennysiregar7 300 T dan blunder junjungan anjing2 Buzer soal piala dunia U 20 😀😀😀😀 untuk pengalihan isu anjing Buzer masih jualan teroras teroris 😀😀😀😀 kami tdk dibayar untuk cerdas bukan seperti anjing Buzer dibayar buat gublok dan tolol 😀,Abenk12356649
Yg Jelas Mereka2 yg Melarang Tim Olah raga israel bermain yg otaknya gak waras yg tidak bisa membandingkan mana politik mana olah raga..  https://t.co/cBhsJb99v9  Israel ditentang sana-sini untuk berlaga di Piala Dunia U-20 2023 di Indonesia. Siapa saja yang menolaknya?,RudiRud37574934
"#TimnasIndonesia_U20 sekalian ya mau main SBG tuan rumah utk gelaran piala dunia u_20, (2023), eh musim tahun politik.",kholilahmad
"Saya berharap Piala Dunia U-20 2023 bisa berjalan lancar di Indonesia, Apalagi, Piala Dunia U-20 juga untuk kemajuan sepak bola Indonesia. Itu penting,"" tutur Shin Tae-yong.  #U20WorldCupEMTEK #U20WorldCupKLY #U20WorldCupBolacom  https://t.co/xicMIpXXcc""",bolacomID
Drawing Piala Dunia U-20 2023 Dibatalkan Timnas Indonesia U-20 Tetap Lanjutkan TC di Jakarta  https://t.co/XzlW30gRJ5,tvOneNews
"Respons Shin Tae Yong Soal Pembatalan Drawing Piala Dunia U-20 2023, Gelisah #ShinTaeYong https://t.co/jKgRu4QEOH",jpnncom
Solo Siap Gantikan Bali Jadi Tuan Rumah Drawing Piala Dunia U-20 https://t.co/QAPAu3SnfM,BennyValentinus
1. Membunuh 135 suporter bola 2. Pembunuhnya bebas 3. 135 nyawa dilupakan 4. Berharap masih jadi tuan rumah Piala Dunia U-20  HIPOKRIT FASIK PECUNDANG TEMPE ...dan KAPITALIS https://t.co/uBAgkptsGO,faqihaddien
"Rumor Pembatalan Piala Dunia U-20 Indonesia Muncul, FIFA Kebut Inspeksi Venue: Ada Apa?  Rumor pembatalan Piala Dunia U-20 Indonesia muncul, namun FIFA malah kebut inspeksi venue. Simak ulasannya di sini.  https://t.co/nfOUAOT362",kontekscoid
"Drawing Piala Dunia U-20 Batal Digelar, FIFA Tetap Cek Kesiapan Stadion di Bali https://t.co/gfVSpKoI86",soloposdotcom
"Piala Dunia U-20 Terancam Batal, Asprov PSSI Bali: Semuanya Bisa Hancur Berantakan https://t.co/ZBuG1diWhw",KompasTV
Sebelumnya I Wayan Koster merupakan salah satu tokoh yang menyurati Kemenpora dan keberatan terkait Israel yang masuk dalam Piala Dunia U 20 2023.  #PenolakanIsrael #PialaDuniaU20 #Israel #IWayanKoster #GubernurBali #Bali https://t.co/FVkLECF5CH,Portal_PWT
"Memberikan izin kepada Israel 🇮🇱 untuk ikut serta dalam perhelatan Piala Dunia U-20 di Indonesia 🇮🇩, itu sama saja menghianati konstitusi kita seperti yg tercantum dlm UUD 1945, cita² luhur bangsa kita, dan juga komitmen pendiri bangsa kita (Ir.Soekarno) #FreePalestine2023 https://t.co/h1bpxRwFlc",MoehammadRa
Gubernur Koster 'Cuci Tangan' Usai FIFA Batalkan Drawing Piala Dunia U-20 di Bali: 'Jangan Tanya Saya!' https://t.co/CCR6UVOe2j,RepelitaO
"Indonesia tengah mencari solusi terkait penolakan yang meluas terhadap keikutsertaan tim nasional Israel dalam Piala Dunia U-20 yang akan diselenggarakan di Indonesia. Pelaksana tugas Menteri Pemuda dan Olahraga, Muhadjir Effendy menyampaikan bahwa… https://t.co/KkFWQ7WMuA",inilahdotcom
Indonesia bakal batal jadi tuan rumah Piala Dunia U-20?,Henzdroid
"Ada yang Dihapus dari Situs FIFA, Bagaimana Nasib Piala Dunia U-20 2023 di Indonesia? #PialaDuniaU-20 https://t.co/R4QKXqOv2g",jpnncom
"Drawing Batal, Shin Tae-yong Berharap Piala Dunia U-20 2023 di Indonesia Tidak Dibatalkan https://t.co/PLtJe4tqso",Bolanet
FIFA Tetap Inspeksi ke Stadion-stadion Piala Dunia U-20 Meski Drawing Batal via @@viral_sumsel https://t.co/4SlNo6D5am,MubaTerkini
FIFA Tetap Inspeksi ke Stadion-stadion Piala Dunia U-20 Meski Drawing Batal via @@viral_sumsel https://t.co/3PXGC2LrLe,editriono1000
FIFA Tetap Inspeksi ke Stadion-stadion Piala Dunia U-20 Meski Drawing Batal via @@viral_sumsel https://t.co/SHRSPNwDqr,viral_sumsel
Pembatalan drawing Piala Dunia U-20 2023 berdampak ke mana-mana. Satu di antaranya adalah kejelasan pemusatan latihan (TC) Timnas Indonesia U-20 di Korea Selatan.  #U20WorldCupEMTEK #U20WorldCupKLY #U20WorldCupBolacom  https://t.co/2TcCDaSo8J,bolacomID
"Gubernurnya Tolak Israel, PSSI Bali: Semoga Indonesia Tetap Jadi Tuan Rumah Piala Dunia U-20 https://t.co/hSqonHBIxS",KompasTV
Sudah 2 Negara Siap Gantikan Indonesia sebagai Tuan Rumah Piala Dunia U-20 https://t.co/oioDO9lhtA,MediaKomando
"Drawing Piala Dunia U-20 2023 Resmi Dibatalkan, Arya Sinulingga: Tidak Bisa Dilaksanakan https://t.co/IGZvTXUxDo",MediaKomando
Berbagai upaya terus dilakukan agar penyelenggaraan Piala Dunia U-20 2023 tetap berlangsung di Indonesia. Konsekuensi berat menanti bila Indonesia batal menjadi tuan rumah ajang tersebut.  https://t.co/2XUZLrYuRc   #Olahraga #AdadiKompas,hariankompas
"PSSI akhirnya memberikan respons terkait isu yang menyebutkan bahwa status tuan rumah Indonesia dalam Piala Dunia U-20 beralih ke Peru, menyusul pembatalan pengundian grup yang semestinya diadakan pada 31 Maret di Bali. Anggota Executive Committee PSSI,… https://t.co/fNtkdHNwcF",inilahdotcom
Sejumlah Organisasi Tolak Timnas Israel Tampil di Piala Dunia U-20 di Indonesia #LengkapCepatBeritanya #BeritaTerkini #Berita #News #BeritaNasional . https://t.co/Ytw9jPychW,okezonenews
"Penolakan datang dari pejabat publik, partai politik, dan sejumlah elemen lainnya. Keadaan ini menimbulkan spekulasi bahwa Indonesia bisa mendapatkan sanksi oleh FIFA, apabila Piala Dunia U-20 batal terlaksana.",FandomID_
"Bawaslu harus pantengin nih... Isu Israel-Palestina semakin ramai menghiasi gelaran Piala Dunia U-20 di Indonesia.  Kita poling aja, yang setuju Israel tetep main di pildun U20 RETWEET, yg gak setuju LIKE  #JanganGolput https://t.co/O0S3sElink",satupersepsi
"Undian fase grup Piala Dunia U-20 2023 seharusnya digelar di Bali pada tanggal 31 Maret 2023. Agenda tersebut urung terlaksana, setelah terjadi penolakan terhadap keikutsertaan Timnas Israel U-20 di Piala Dunia edisi kali ini.",FandomID_
"Indonesia harus kembali berurusan dengan FIFA, setelah drawing fase grup Piala Dunia U-20 2023 batal terlaksana. Jika sampai Piala Dunia U-20 juga batal digelar nantinya, apakah itu berarti kita tinggal menunggu sanksi FIFA untuk Indonesia?   Sebuah utas. https://t.co/qZEcCE9qcQ",FandomID_
"Upaya ekstra dilakukan Indonesia agar penyelenggaran Piala Dunia U-20 2023 tetap digelar sesuai jadwal tanpa ada perubahan. Menurut sumber dari lingkar dalam PSSI, Erick Thohir terbang ke Zurich Rabu.  #U20WorldCupEMTEK #U20WorldCupKLY #U20WorldCupBolacom  https://t.co/PPXlloJ6dR",bolacomID
BEM PTNU Tolak Kedatangan Israel pada Piala Dunia U-20: Penjajahan di Atas Dunia Harus Dihapuskan! https://t.co/ZRP5RcW5zj,MediaKomando
"India Disebut Siap Jadi Tuan Rumah Piala Dunia U-20, Langsung Dicibir Warganet Indonesia https://t.co/pbyOrzkCN1",liputan6dotcom